{"latency_ms/mean":1.9657293747404097,"_wandb":{"runtime":0},"eval/per_class_metrics":{"artifact_path":"wandb-client-artifact://0lpwsiwif8r8mttl01l3155s5nk6wmf81be9ujczfpyvh1xagz5iexwcjx6h4ngkq1pyb8woydl1letc8mx5kat172eedfbkq0ucaaazdcvhibebp9esi3h2b3aqntga/eval/per_class_metrics.table.json","sha256":"297ffd6c69732759a312a1c8ee04ab241695722b81fe4a5422267e956bf89a3c","log_mode":"IMMUTABLE","ncols":5,"nrows":10,"size":492,"_latest_artifact_path":"wandb-client-artifact://ea8ipiz4m5971m0nwdz5c7ozxi010dekpbh6ji87hn18ij7m629b5sqy0ughxacv6igf99xmwcpbogkphfwcwir8q0bz2vv4pfpyutzm6bhrkm474igr0064ebxa4iei:latest/eval/per_class_metrics.table.json","_type":"table-file","path":"media/table/eval/per_class_metrics_0_297ffd6c69732759a312.table.json"},"_runtime":0,"eval/f1/Entertainment":0.9189,"eval/f1/Bills":0.96,"dataset/class_count/Shopping":148,"eval/f1/Shopping":0.814,"eval/f1/Donations":0.8919,"latency_ms/p99":16.85745841823518,"dataset/class_count/Food and Beverages":150,"dataset/total_samples":1268,"eval/accuracy":0.8713910761154856,"latency_ms/p90":2.072083007078618,"eval/f1/Food and Beverages":0.7579,"eval/macro_f1":0.8724579560053354,"dataset/min_class_count":79,"eval/f1/Transport":0.7949,"eval/f1/Education":0.9296,"dataset/class_count/Entertainment":129,"dataset/class_count/Education":125,"latency_ms/summary_table":{"nrows":7,"_latest_artifact_path":"wandb-client-artifact://wyi8fn6aqlzuvivck3k7xwvmn8vxgiq70ea7tt3zl9gliuzr2q69vo7ohcs5dwnatkb8wnf3e7810ioozs8xtnjg3ob32wqvvdh6vzou7mabadhjlgg053969cm5maqg:latest/latency_ms/summary_table.table.json","_type":"table-file","size":176,"ncols":2,"path":"media/table/latency_ms/summary_table_0_98ad4a7442cf005201db.table.json","sha256":"98ad4a7442cf005201dbbfcfe30347f9f87674576f67639e7adb31d087932698","artifact_path":"wandb-client-artifact://xp3u936ljn3dfk9v4wxxnezupws3d04qd1kn7ymqgdeww2d19mog12106fhgueubp269isd69mv1tqdam52depzha41fyzk4hl2rsz0gr9lrjoouna7ppd10unwa3jt9/latency_ms/summary_table.table.json","log_mode":"IMMUTABLE"},"eval/f1/Health":0.9333,"latency_ms/histogram":{"values":[293,52,13,4,3,1,2,1,0,1,2,1,0,1,0,0,0,0,0,1,1,0,0,0,2,0,0,0,0,0,0,0,0,0,0,1,0,0,0,0,0,0,0,0,0,0,0,0,0,0,1,0,0,0,0,0,0,0,0,0,0,0,0,1],"bins":[0.9294580086134374,1.582468430569861,2.2354788525262848,2.8884892744827084,3.541499696439132,4.194510118395556,4.847520540351979,5.500530962308403,6.153541384264827,6.8065518062212504,7.459562228177674,8.112572650134098,8.765583072090521,9.418593494046945,10.071603916003369,10.724614337959792,11.377624759916216,12.03063518187264,12.683645603829063,13.336656025785487,13.98966644774191,14.642676869698334,15.295687291654758,15.948697713611182,16.601708135567605,17.25471855752403,17.907728979480453,18.560739401436877,19.2137498233933,19.866760245349724,20.519770667306148,21.17278108926257,21.825791511218995,22.47880193317542,23.131812355131842,23.784822777088266,24.43783319904469,25.090843621001113,25.743854042957537,26.39686446491396,27.049874886870384,27.702885308826808,28.35589573078323,29.008906152739655,29.66191657469608,30.314926996652503,30.967937418608926,31.62094784056535,32.273958262521774,32.9269686844782,33.57997910643462,34.232989528391045,34.88599995034747,35.53901037230389,36.192020794260316,36.84503121621674,37.49804163817316,38.15105206012959,38.80406248208601,39.457072904042434,40.11008332599886,40.76309374795528,41.416104169911705,42.06911459186813,42.72212501382455],"_type":"histogram"},"latency_ms/p95":3.4954999573528767,"dataset/class_count/Other":79,"eval/weighted_f1":0.8748701672339352,"dataset/class_count/Savings and Investment":125,"dataset/n_classes":10,"dataset/max_class_count":150,"dataset/class_count/Bills":131,"dataset/class_count/Transport":131,"eval/confusion_matrix":{"sha256":"2ddba556bd9e2e24d939bfc2cdeedf43a4112279d1c5fb14cfb6f2a409317374","path":"media/table/eval/confusion_matrix_0_2ddba556bd9e2e24d939.table.json","ncols":3,"artifact_path":"wandb-client-artifact://prz6urlzfkbtast3dook0dvugthv7uhmloj48v8orgjcs95nyny9i2he57rtxr8humxfzyv5w5abl1mcchbjidvsljjfyw7diw8th6nmyfwuv93243bhtl2i7yusnl9r/eval/confusion_matrix.table.json","log_mode":"IMMUTABLE","nrows":100,"_type":"table-file","size":3445,"_latest_artifact_path":"wandb-client-artifact://c1i11g5a1601fa4bjibvlmfyn5fi09r4wgocwbhcbbu71173vmldtkv7ryhfxv460veq5mtl1s4adudxxmg2h78zczh9n4tzzu2j8ljb1f1lwrdgb4ckbn9yfn6vmag7:latest/eval/confusion_matrix.table.json"},"latency_ms/p50":1.348332967609167,"eval/f1/Savings and Investment":1,"_step":0,"latency_ms/max":42.72212501382455,"eval/f1/Other":0.7241,"dataset/class_distribution":{"artifact_path":"wandb-client-artifact://ijqle6hwae8yisnrqk0y5nqd2m65m26hxgok3khfz3vb847jh8spb16tr06zz8imicq446j2wd69zg6rglkkyylzr7f1ebrie57m6ri1847y0ogctal6wlg9vthw6f94/dataset/class_distribution.table.json","ncols":2,"_latest_artifact_path":"wandb-client-artifact://n1bwhqh2qd2iheqdee00fkkvtf2u5q1vy7aar00ynk0l1jwqn2e2kalnszcpfg7v4tqixsy65bdl9cfc64a2iqxly5hoylb0zlellawrfqjgxdzi8vh1j67n5v2zi6ut:latest/dataset/class_distribution.table.json","_type":"table-file","nrows":10,"size":257,"path":"media/table/dataset/class_distribution_0_bebc2483078824a99b32.table.json","log_mode":"IMMUTABLE","sha256":"bebc2483078824a99b3236ba8f76d53d2e77bd33bd008b0b95287e11842b6a3b"},"dataset/class_count/Health":123,"latency_ms/min":0.9294580086134374,"dataset/class_count/Donations":127,"_timestamp":1.7716929527741718e+09}